video_id,title,channel_title
FKnulG0MZOg,COME WATCH LATENT WITH ME..! 👀 Members only episode 🥳,DevikaGupta
wFuxDGCidrM,सुबह की आराधना @AnkitSajwanMinistries,AnkitSajwanMinistries
MWQFJ3X7M2E,LIVE Satsang with Gurudev,GurudevHindi
GBs_c-eyPPA,BGMI NEW SEASON RANK PUSH - DAY 5 🔫 | KRUTIKA PLAYS,KrutikaPlays
u03fjPhTPQE,"What a Win! IND vs PAK #T20WorldCup match highlights in Tanya Khanijow Style | Melbourne, Australia",TanyaKhanijow
NVi6euW2H6M,कोलेस्ट्रॉल (Cholesterol) को तेज़ी से कम करने के लिए खाएं ये 5 चीजें | Fit Tuber Hindi,FitTuberHindi
1B0kOLaE1Zo,एक बार में दांत का कीड़ा और दर्द बाहर निकालने का बेहतरीन उपाय - Teeth Cavity | Fit Tuber Hindi,FitTuberHindi
8FSuw-xyL_k,"खाने का ये 1 नियम अपना लो, 40 की उम्र में 24 के दिखोगे | Fit Tuber Hindi",FitTuberHindi
ZxOZ3m6ScvY,"रोज़ 1 चम्मच खाओ — थकान, मोटापा, कमज़ोर हड्डियों और स्ट्रेस की अचूक औषधि",FitTuberHindi
n28UvtHw3lQ,15 दिनों में Hair Growth 3X गुना करने वाले 5 आसान चीजें | Fit Tuber Hindi,FitTuberHindi
JCQqVTUDimw,VITAMIN D और B12 की कमी कभी नहीं होगी — बस इतना कर लो | Fit Tuber Hindi,FitTuberHindi
juUOIXzUW4o,"रोज 1 चम्मच खाओ — थकान, कमजोरी, लिवर और हड्डियों की अचूक औषधि | Fit Tuber Hindi",FitTuberHindi
TmjkPijb12U,Sugar को Control करने के 5 आसान तरीके | Fit Tuber Hindi,FitTuberHindi
3849ArZpRBg,"ये 7 चीज़ें भूलकर भी मत खाना, इनमें ज़हर है (Poisonous Foods) | Fit Tuber Hindi",FitTuberHindi
YWHQmjfXdf4,5 तरीके जिनसे High BP कंट्रोल होगा | Control High Blood Pressure Naturally,FitTuberHindi
eJ-Hf6kp0Zw,ये खाये अण्डे से ज्यादा प्रोटीन है इसमें | Foods with More Protein than Egg,FitTuberHindi
PY_22cntrew,India का Best Moisturiser कौन सा है? (In 2025) | Fit Tuber Hindi,FitTuberHindi
5p4KWeUtNIc,"घुटने, कमर,जोड़ों का दर्द एक ही बार में ख़त्म जैसे कभी था ही नहीं | Joint Pain Relief",FitTuberHindi
E-BF5qUnhKk,India का Best Hair Oil कौन सा है? (In 2025) | Fit Tuber Hindi,FitTuberHindi
12OiUfgwIQU,India का Best Face Wash कौन सा है? (In 2025) | Fit Tuber Hindi,FitTuberHindi
LUwDLQwvIbs,India का Best Shampoo कौन सा है? (In 2025) | Fit Tuber Hindi,FitTuberHindi
83fb5uS7Mlg,Healthy Grocery Shopping - क्या ख़रीदें क्या ना ख़रीदें? | Fit Tuber Hindi,FitTuberHindi
oqt62KL_fLI,"तनाव नहीं आता? ये 5 चीज़ खाओ, कभी Er*ctile Dysf*nction नहीं होगा | Fit Tuber Hindi",FitTuberHindi
HMSsevhsQ8U,सुबह की 4 आदतें जो बदल सकती हैं आपका जीवन - 4 Morning Habits | Fit Tuber Hindi,FitTuberHindi
bf4rrGIiN24,ये खाये Piles खुद होगी ठीक - Piles Permanent Solution | Fit Tuber Hindi,FitTuberHindi
LTnKwrUfYsc,"बालों के लिए Best है ये 1 चीज़ - Hair Fall, White Hair, Dandruff से छुटकारा | Fit Tuber Hindi",FitTuberHindi
T-OfPDbLO_A,पेट की हर बीमारी का इलाज - 10x बढ़ाएं Good Gut Bacteria | Fit Tuber Hindi,FitTuberHindi
2N6-S6qVBW4,वरदान है ये पत्थर | 10 Amazing Benefits of Alum/Fitkari,FitTuberHindi
Pl211DZa5Hc,"हफ्ते में 3 बार ये Breakfast खालो - कमज़ोरी, मोटापा, कोलेस्ट्रॉल कभी पास नहीं आएगा | Fit Tuber Hindi",FitTuberHindi
Jkw9xiivSIw,"ये 5 चीज़ें खाओ, खून की कमी कभी नहीं होगी (Increase Haemoglobin Naturally) | Fit Tuber Hindi",FitTuberHindi
8UmRh9v9qzM,"ये खाओ, कभी Fatty Liver नहीं होगा - Fatty Liver Natural Solution | Fit Tuber Hindi",FitTuberHindi
CFzUlEK4nWQ,दाग-धब्बों से छुटकारा पाएं इस्तमाल करें दुनिया का Best Face Wash | Fit Tuber Hindi,FitTuberHindi
s3YzO0xO-mo,6 Best Foods to Reverse Diabetes & Lower Blood Sugar | Fit Tuber Hindi,FitTuberHindi
4YbEZJJdZQQ,How To Stay Young And Fit Forever | 5 Secrets To LOOK YOUNGER Than Your Age | Shivangi Desai,FitBharat
O6hLw3CdqcM,How to Stop Overthinking | 10 Ways To Stop Overthinking Instantly in Hindi | Shivangi Desai,FitBharat
8UKZuHJy7Og,How To Balance Hormones Naturally in Hindi | 7 Magic Foods for Hormonal Imbalance | Shivangi Desai,FitBharat
N-9vBhMvpio,Protein Powder Myths & Facts | 8 Protein Powder Truth in HINDI | Shivangi Desai,FitBharat
02DG7W7jZeY,Why You Should Become Health Coach | Health Coach Program Promo | Shivangi Desai,FitBharat
Jm_T2_1qTgw,What Happens When You Don't Get Enough Sleep | 7 Dangers of Not Sleeping Enough | Shivangi Desai,FitBharat
oplNMTgOhVM,Coach Your Way to Success in Health and Wellness | Shivangi Desai Live | Fit Bharat Mission,FitBharat
cEi3N2BaG7s,The Devine Sweet | Welcome Healthy Sweetness To Your Life | Shivangi Desai | Fit Bharat Mission,FitBharat
oNIoYBSRVjc,How To Prevent Heart Attack Naturally | 4 S To Protect Yourself From Heart Failure | Shivangi Desai,FitBharat
kVcgq_VSrnU,Exclusive Launch of Right Human Nutrition | RHN | Fit Bharat Mission | Shivangi Desai,FitBharat
rmcdAZLh1Zg,How Can I Wake Up EARLY Without Feeling Tired | 7 Practical Ideas To Rising Early | Shivangi Desai,FitBharat
xKu7bPfUSHY,Don't Let Society Define Your Dreams: 5 Habits To Break Free | By Udisha Ma'am,WomenAndWorkCareer
BRSuw6KGldg,Indian Parents Predicted Your Future | And They Were Spot On | Career247,WomenAndWorkCareer
DQxNUfgxI74,Small Habits That Destroy Your Future | Career247 | By Udisha Mishra,WomenAndWorkCareer
yxmEzPhBmKI,Your 30s Will Break You | What Nobody Warns You About | By Udisha Ma'am,WomenAndWorkCareer
owDe0bN7rv0,These 10 life skills matter more than Marks | This video should be shown in Every school,WomenAndWorkCareer
93q70FwXB1Y,How Media Manipulates us | Reporting vs Opinion Explained | By Udisha Ma'am | Career247,WomenAndWorkCareer
pt0z50aQOR4,7 Cognitive Biases Everyone Should Know | Career247,WomenAndWorkCareer
fapYDaaZKkI,The Most Dangerous Sentence in Indian Democracy: Aur Option Hi Kya Hai?,WomenAndWorkCareer
K4PeMAfmdUw,"If India's Youth Cannot Question the Education System, Then Who Can?",WomenAndWorkCareer
ISFyXZyJJ64,Master Your Vocabulary in Just 2 Hours! | Vocabulary Course by Udisha Mishra,WomenAndWorkCareer
rrnyW1PhSlw,Are Marks Important for a Career in India? | Truth About Skills vs Marks | By Udisha Mishra,WomenAndWorkCareer
C-4zEJmi3ts,8 Habits That Make You Look More Attractive | Career247 | By Udisha Ma'am,WomenAndWorkCareer
xR2bEhU3jZc,Does India Still Care About Protest? | The Forgotten Martyrs of Indian Democracy | Career247,WomenAndWorkCareer
_4xHeLbDdu8,Weight Loss Industry का बिलियन डॉलर झूठ | Body Shaming का सच | By Udisha Ma'am,WomenAndWorkCareer
V9mUhHIRSPU,India's Real Problem Isn't the Government; It's US | By Udisha ma'am,WomenAndWorkCareer
oru1H6Kqkm0,Don't Marry for Dumb Reasons | Don't Be Dumb Ep. 4 | By Udisha Ma'am,WomenAndWorkCareer
NOtFArf0vmQ,Don't Build a Dumb Reputation | It Will Follow You Longer Than You Think | By Udisha Ma'am,WomenAndWorkCareer
VjSyHxuNPeo,Stop Making Dumb Career Decisions | Career247 | By Udisha ma'am,WomenAndWorkCareer
9VUFm_1Q1j0,Why Smart People Fail at Communication | Fix This NOW | By Udisha Ma'am,WomenAndWorkCareer
uBPqxRm1ks4,One Communication Mistake That Is Silently Destroying Your Reputation | Career247,WomenAndWorkCareer
Glfb3D6UniY,Dressing tips for a smart personality | Dress Like The Life You Want | By Udisha Ma'am,WomenAndWorkCareer
5DUGI0fUKVU,The Scary Reality of Modern Outrage | Stop Using Human Labels | Career247 | By Udisha Ma'am,WomenAndWorkCareer
uEh-DQQrjlE,"If You're a Leader, Watch This | Career247",WomenAndWorkCareer
YejQWy-LwRc,Bonded labour exists in India | Unorganised sector reality | By Udisha ma'am,WomenAndWorkCareer
sVrDkYiJnvA,Why Big Companies Are Firing Employees For AI | The Shocking Reality | By Udisha ma'am,WomenAndWorkCareer
8bvWfqSN_kM,क्या सिर्फ Coders के लिए है AI? | Generative AI से Women का Salary कैसे 145% तक पहुँचा? Career247,WomenAndWorkCareer
RnYQRtiXAfM,India Doesn't Have a Talent Problem | It Has a Thinking Problem | By Udisha Ma'am,WomenAndWorkCareer
Q7sBuk10QRE,Fake Patriotism खत्म करो | Real Nationalism शुरू करो | India की असली समस्या | By Udisha Ma'am,WomenAndWorkCareer
9bzJgjomflY,"India की VIP Culture की सच्चाई | भारत में Power की पूजा होती है, Character की नहीं  | Career247",WomenAndWorkCareer
T0QcaCjimuU,"Indian Education System की कड़वी सच्चाई | Literacy बढ़ी, Education नहीं | Career247",WomenAndWorkCareer
oC4a5p44m8c,How To Develop An Attractive & Great Personality | Career247 | By Udisha Ma'am,WomenAndWorkCareer
CRa-mg-NX2M,"Indian Parents Want Obedient Children, Not Happy Ones | By Udisha ma'am | Career247",WomenAndWorkCareer
fbOkDDIWgRU,How to Become Irreplaceable Against AI | Who Will Companies Actually Keep? Career247,WomenAndWorkCareer
uvOl1n-d2bM,Save Your Career If You Don't Clear the Exam | Career247 | By Udisha Mishra,WomenAndWorkCareer
A_jmM49X_cE,Your Role Models Are Lying to You | Career247 | Udisha Ma'am,WomenAndWorkCareer
9tlqLkOhM20,10 Signs That You Have a Good Upbringing | Career247 | By Udisha ma'am,WomenAndWorkCareer
JGGB-FiieHY,10 Basic Etiquette Rules Everyone Should Know | By Udisha ma'am | Career247,WomenAndWorkCareer
_kRymp-A8GE,Online Coaching vs Traditional Coaching | Career247 | By Udisha Ma'am,WomenAndWorkCareer
A4hUyukjZnM,Anjana om Kashyap Vs. YouTube Teachers | Udisha Ma'am | Career247,WomenAndWorkCareer
9QaLwl81Kd8,You'll Regret the Person You Never Became | By Udisha ma'am | Career247,WomenAndWorkCareer
gSpQyOioV04,The Most Toxic Communication Habit Nobody Talks About | By Udisha Ma'am | Career247,WomenAndWorkCareer
NoEBo_npN4k,"The Talk Nobody Has: S*x Education, Mental Health, Consent & Love Marriage | Career247",WomenAndWorkCareer
ewurxQrX7xM,Why Indians Choose Debt Over Wealth | Fake Rich Influencers | By Udisha Ma'am,WomenAndWorkCareer
9iU9tWWD2IU,Become a super communicator in 2026 | By Udisha Mishra | Career247,WomenAndWorkCareer
cwAg0ox7gQ8,Fluent in English? Follow This 12-Minute Daily Plan | Career247 | By Udisha Ma'am,WomenAndWorkCareer
CvWgzh9NijA,"Validation Addiction की असली वजह | Emotional Neglect, Instagram & Pick-Me Culture | By Udisha Ma'am",WomenAndWorkCareer
ivwokeht0_E,Small Talks Mastery | Soft Skills & Communication | By Udisha Mishra,WomenAndWorkCareer
g20DXH-kwTw,Success के लिए Mental Upgrading क्यों जरूरी है? | Udisha Ma'am | Career247,WomenAndWorkCareer
uQSSUe-av8g,Importance of Phrases and Idioms in Communication | Soft Skills & Communication | By Udisha Mishra,WomenAndWorkCareer
ZC54vOc1Zzg,Emotional Insurance: Modern Dating Ki Sabse Badi Red Flag | By Udisha Ma'am | Career247,WomenAndWorkCareer
ZKU9_YsRe9A,"Think Fast, Talk Smart | Communication Techniques | Soft Skills Masterclass | By Udisha Mishra",WomenAndWorkCareer
GvzPu8UNes0,The Truth About Narcissists | What They Don't Want You to Know | By Udisha ma'am | Career247,WomenAndWorkCareer
RojU9NEUe4g,25 Important Verbs | Soft Skills & Communication Masterclass | By Udisha Mishra,WomenAndWorkCareer
C3BfrG3CwSA,Why Good People Always End Up Alone | Stop Being a People-Pleaser | By Udisha Ma'am | Career247,WomenAndWorkCareer
IzqvZMrjnfA,10 Essential Tense Rules | Soft Skills & Communication Masterclass | By Udisha Mishra,WomenAndWorkCareer
8dlRLrlVRqY,These Skills Will Never Be Replaced | Electricians Outearning Engineers | Career247,WomenAndWorkCareer
kw_lq2IClTY,Soft Skills & Communication Masterclass | Last Class | Day 9 | By Udisha Mishra,WomenAndWorkCareer
bCb48MFeM4A,Dark Psychology: How to Spot a Liar Scientifically | The language of lying | Career247,WomenAndWorkCareer
8lU_PVl-bRE,Grammar For Spoken English | Soft Skills & Communication Masterclass | Day 8 | By Udisha Mishra,WomenAndWorkCareer
EPSrlYMKJYc,Strong Presence कैसे Build करें | 5 Steps to Command Any Room | By Udisha ma'am | Career247,WomenAndWorkCareer
PxDvHBIvNmY,The Art of Storytelling | Soft Skills & Communication Masterclass | Day 7 | By Udisha Mishra,WomenAndWorkCareer
VoIL91sAioo,"Are You a Mid-Level Human? Understanding the ""Mid-Level"" Psychology | Career247 | By Udisha Ma'am",WomenAndWorkCareer
RMB96IZZYoY,Soft Skills & Communication Masterclass | 3 Smart Tricks To Learn Vocabulary | By Udisha Ma'am,WomenAndWorkCareer
1qjp9qoEIlM,Main Character Syndrome: 5 Self-Improvement Habits to Quit | By Udisha Ma'am | Career247,WomenAndWorkCareer
kQqO8usAkDk,Soft Skills & Communication Masterclass | One Habit that makes you Mediocre | By Udisha Ma'am,WomenAndWorkCareer
HoJJV8FUNOQ,Soft Skills & Communication Masterclass | Stop Hesitating When Talk | Day 4 | By Udisha Mishra,WomenAndWorkCareer
hBElBhUkNTA,How to Switch from Self-Hate to Self-Respect | By Udisha ma'am | Career247,WomenAndWorkCareer
lFnImqxiWtg,Soft Skills & Communication Masterclass | How to Ask Anything in English | Day 3 | By Udisha Ma'am,WomenAndWorkCareer
Jo4jC41oFV4,Common English Words जो आप Wrong Pronounce करते हो | Fix your Pronunciation | By Udisha Ma'am,WomenAndWorkCareer
FjS2zORqce0,Soft Skills & Communication Masterclass | Master Daily Conversations Like a Pro | Day 2,WomenAndWorkCareer
pc2gornh_Tc,Subject Verb Agreement | Stop Making These Grammar Mistakes in English | By Udisha Ma'am | Career247,WomenAndWorkCareer
7BZMAvR6cn0,How to Master Soft Skills & Communication in 30 Days? | Complete Strategy | By Udisha Ma'am,WomenAndWorkCareer
eXa0izTYWUc,Advanced English Phrases That Make You Sound More Professional | By Udisha ma'am | Career247,WomenAndWorkCareer
soVRO8rIcWM,How to grow an Instagram account from SCRATCH | By Udisha Ma'am | Career247,WomenAndWorkCareer
s3DdqzxxQUM,Why do some people NEVER change? The Bitter Truth of Relationships | By Udisha ma'am,WomenAndWorkCareer
my10JDa5NVI,Why Some People Always Feel Boring? | Harsh Truth About Personality | By Udisha Ma'am | Career247,WomenAndWorkCareer
6FCQ-YT1Y3s,Middle Class Struggle in India | सच सुनने की हिम्मत है? | By Udisha Ma'am | Career247,WomenAndWorkCareer
gOwfa9mjWiA,Women Should Wear What They Want | Stop Making It About Men,WomenAndWorkCareer
mXiPFG9HyDQ,Interview Mein Answer Nahi Pata To Kya Kare? By Udisha Ma'am | Career247,WomenAndWorkCareer
kL4IeN5mQWo,How to Speak English Confidently Without Fluency  | Career247 | By Udisha,WomenAndWorkCareer
dx2IcII1kPI,Sensitive Doesn't Mean Weak: The Truth About Emotional Depth | By Udisha Ma'am | Career247,WomenAndWorkCareer
W_1SC44SEA8,Self-Improvement Books for Success | 10 Books That Will Change Your Life | By Udisha Ma'am,WomenAndWorkCareer
wU2K21zBd1M,3 Steps to Reduce Screen Time & Take Back Your Focus | How to Break Phone Addiction,WomenAndWorkCareer
vBNNG2oHm40,Work-from-home options for housewives | Low-investment business ideas for Women | Career247,WomenAndWorkCareer
DYrODiHFj7Q,5 Signs You're Killing Your Own Value | Self Confidence Tips Hindi | Career247 | By Udisha Ma'am,WomenAndWorkCareer
jnKsbmGBUC8,Every Woman Needs To Hear This | Women Reality By Udisha Ma'am | Career247,WomenAndWorkCareer
7WX7x9a33p8,What If Everyone Became a Content Creator? Samaj Ke Liye Khatra | Career247 | By Udisha Ma'am,WomenAndWorkCareer
DesxQEXnhkY,Body Language Secrets: How to Command Any Room with Confidence | By Udisha Ma'am | Career247,WomenAndWorkCareer
NE-N1yqfYfo,Your Brain is Not Built for Social Media | STOP Watching Motivation Videos | Career247,WomenAndWorkCareer
on7uOpaUL7g,Ignorance Is a Superpower — How Selective Ignorance Leads to Success | Career247 | By Udisha Ma'am,WomenAndWorkCareer
iza6oZRX18I,Fat Loss Journey of Priyanshi with I’MWOW | How she lost 18KG? By GunjanShouts,GunjanShouts
k5Ej9N_Bb6A,Plastic surgery - good or bad? (Everything You Must Know) | Dr. Debraj Shome with GunjanShouts,GunjanShouts
jEE1atE3E6U,ULTIMATE GUIDE TO WOMEN'S SEXUAL HEALTH - A Must Watch | Dr. Neha Mehta with GunjanShouts,GunjanShouts
00u4mwjM-pQ,10 Low-Carb and Low-Calorie Foods for Weight Loss | By GunjanShouts,GunjanShouts
680cLWzg0xU,6 Secrets for Glowing Skin | How to boost Collagen? By GunjanShouts,GunjanShouts
EXggcM9Vaz8,How She Lost 18 KG at the Age of 60 | Fat Loss Journey with I'MWOW | By GunjanShouts,GunjanShouts
4z6j7imbGjc,How to MANIFEST Fat Loss and Good Health | Law Of Attraction Podcast | Vrindda with GunjanShouts,GunjanShouts
npXliAp3nlg,How to Remove Specs Naturally At Home | Ayurveda Specialist Dr. Basu with GunjanShouts,GunjanShouts
FvLaInrVg5k,Complete Weight Loss Guide for ALL | Fitness Podcast - Shivohaam with GunjanShouts,GunjanShouts
t15uLcq9sf8,Indian Weight Loss Diet Plan | By GunjanShouts,GunjanShouts
2fe5uVzo4Ro,"Sonam Bajwa's Diet, Skin Care, Cravings and Workout | Sonam Bajwa with GunjanShouts",GunjanShouts
-lW2VphV5kk,7 BEST SUGAR ALTERNATIVES | BY GunjanShouts,GunjanShouts
dV4SnREbmHU,DIET & WORKOUT of SHARK TANK JUDGE Azhar Iqubal (Founder of InShorts) | Podcast with GunjanShouts,GunjanShouts
zh6wS4F9fKc,How She Lost 23 Kg - Weight Loss Journey of Jyoti | Reversed PCOD with I'MWOW | By GunjanShouts,GunjanShouts
XsQgFfrIwJo,"LIFE CHANGING IDEAS! Arrange Your HOME This Way For Health, Beauty & Wealth | Jai Madaan with Gunjan",GunjanShouts
umbMFCOSLCc,Gippy Grewal's Diet and Weight Loss Secrets | Gippy Grewal with GunjanShouts,GunjanShouts
uJPMsyzL-0g,"How to FIX Gut Health for Weight Loss, Cravings & More | By GunjanShouts",GunjanShouts
LXYuw1wL5Tk,"Indian Women & their Insecurities, Growth, Family | Supriya (Josh Talks) & GunjanShouts",GunjanShouts
LiFTLziBhxM,"SAVE YOUR EYES- Reality of contact lenses, washing eyes with water | Dr. Rahil With GunjanShouts",GunjanShouts
Qis0FcnYQlY,"Best Supplements for Weight Loss, Glowing Skin, PCOD etc. | Mihir Gadani (OZiva) with GunjanShouts",GunjanShouts
XXkf_B3-0wY,5 Reasons Why Kerala is No. 1 on Health Index - Health Secrets of Kerala By GunjanShouts,GunjanShouts
nCOTxyySZq4,SUMMER DIET PLAN FOR WEIGHT LOSS (in Hindi) | Upto 5 Kg Fat Loss | By GunjanShouts,GunjanShouts
6JEBiIHY4Ds,"Full Day Diet, Workout and Fitness Secrets of SANGRAM SINGH | By GunjanShouts",GunjanShouts
QM-r6dDATMI,5 Reasons every Indian should eat khichdi regularly | By GunjanShouts,GunjanShouts
dLlTzJYWTnU,"Ritesh Aggarwal's Morning Routine, Diet, Workout | By GunjanShouts",GunjanShouts
XBvMt45d66Q,Full Day of Eating - High Protein Veg Diet Plan for Weight Loss | By GunjanShouts,GunjanShouts
nWeRhCYWc40,HOW SHE LOST 26 KG IN JUST 5 MONTHS | Mani's Fat Loss Journey By GunjanShouts,GunjanShouts
dX0ud3YVGj8,Weight Loss Diet Plan Gut Health Special | By GunjanShouts,GunjanShouts
Jg6XWjBZYfg,5 Foods Indians Consume Daily | Revant Himatsingka @Foodpharmer  with GunjanShouts,GunjanShouts
LoiM8waUp7M,How to Lose your First 5 Kgs in 2026 | By GunjanShouts,GunjanShouts
vSguH1S3Qzk,How to Get a Fit Body in 2024 | By GunjanShouts,GunjanShouts
XYIpKw4DbJE,4 Healthy Soups for Dinner | Weight Loss Recipes | By GunjanShouts,GunjanShouts
fM5dQUpBaDU,What is the Best Diet for the Human Body? | GunjanShouts x Swami Mukundananda Ji,GunjanShouts
sOg66NHVZ2s,Top 5 Winter Foods for Quick Fat Loss | By GunjanShouts,GunjanShouts
ZszKFYCN3mw,Lose upto 5 kg in 1 month with Winters Diet Plan | Weight Loss Diet By GunjanShouts,GunjanShouts
ob6DhhiKcAw,7 MUST HAVE Ingredients for every INDIAN Kitchen | Master Chef Sanjeev Kapoor with GunjanShouts,GunjanShouts
TvwtD4MUux8,3 New Breakfast Recipes for Weight Loss| By GunjanShouts,GunjanShouts
IevtWAjB9QY,How to Lose Weight with 9-1 RULE (100% Natural) | By GunjanShouts,GunjanShouts
ApFjcecFZ00,5 WAYS TO BOOST TESTOSTERONE LEVELS| By GunjanShouts,GunjanShouts
R9oWpSmBnWc,Erase DARK CIRCLES like Magic - 4 Home Remedies for Glowing Skin | By GunjanShouts,GunjanShouts
yQ1qXcf2aPY,6 Ways to Lose Weight with Fenugreek Seeds Water( मेथी दाना ) | By GunjanShouts,GunjanShouts
EiUs4XADbjM,3 High Protein Veg Breakfast Recipes for Weight Loss | By GunjanShouts,GunjanShouts
c1yuYidT5PY,What I Eat in a Day | Chef Sanjeev Kapoor with GunjanShouts,GunjanShouts
Sp1F3Hxis9A,7 Ways to Cleanse Your Liver Naturally | By GunjanShouts,GunjanShouts
grcgXfejaug,My 7 Day Fat Loss Diet Plan | By GunjanShouts,GunjanShouts
wMUgbDsTFKk,How to lose weight with SOY? By GunjanShouts,GunjanShouts
7nhqiLcqNRs,5 Poisonous Foods That Can Kill You | By GunjanShouts,GunjanShouts
Ia7NVoGnT3U,3 Quick & Healthy Breakfast Recipes for Weight Loss | By GunjanShouts,GunjanShouts
9ti-jzkL6Xc,Top 10 Foods that Lower Bad Cholesterol & Prevent Heart Attack | By GunjanShouts,GunjanShouts
EkT6oe4B1hE,DIET PLAN TO LOSE WEIGHT FAST IN HINDI WEIGHT LOSS in THYROID | By GunjanShouts,GunjanShouts
pcAqgQ5BLj0,7 Powerful Foods to Control Diabetes and Lower Blood Sugar | Weight Loss Tips By GunjanShouts,GunjanShouts
HQ-ulcLjPvk,MY DIET for HIGH ENERGY and GLOWING SKIN by Amogh Lila Prabhu - ISKCON | By GunjanShouts,GunjanShouts
OXnaBtwHkXc,5 Proven Ways to Prevent Heart Attack (A MUST WATCH VIDEO) | By GunjanShouts,GunjanShouts
vd-LIsOO39Y,Top 5 Health Issues Indian Women Face Daily (WITH SOLUTIONS) | By GunjanShouts,GunjanShouts
xE0rwaABE3I,7 Ways to Lose Weight with JEERA WATER | By GunjanShouts,GunjanShouts
CUdK1pdj6Mc,7 Juices for GLOWING SKIN | Simple Juice Recipes By GunjanShouts,GunjanShouts
y3nj54znbQk,WEIGHT LOSS DIET PLAN FOR SUMMERS (in Hindi) | Upto 5 Kg Fat Loss | By GunjanShouts,GunjanShouts
8jCw61WcfAI,Weight Loss Tips and Time Management with Jaya Kishori Ji by GunjanShouts,GunjanShouts
kx-4V53PKQ4,5 FOODS TO FIX YOUR GUT | By GunjanShouts,GunjanShouts
kgLK9P2pvbk,STOP THESE 30 COMMON DIET MISTAKES FOR WEIGHT LOSS  | By GunjanShouts,GunjanShouts
3feSPKetkmI,10 Do's & Don'ts of Intermittent Fasting for Best Results | By GunjanShouts,GunjanShouts
tcQX7HV7Oy4,7 Foods to avoid in Thyroid | By GunjanShouts,GunjanShouts
CQcAFp9uH6o,5 Simple and Tasty Recipes from ISHA YOGA CENTRE  - Satvik Recipes for Weight Loss by GunjanShouts,GunjanShouts
l7qjQc4e1V4,STOP Eating these Ketchups | Dark Reality of Tomato Ketchups | GunjanShouts,GunjanShouts
yG7nobBkam4,My Last Vlog  #2023fatlosschallenge by GunjanShouts,GunjanShouts
pihfZqIa5Jc,What happened on last day of challenge #2023FatLossChallenge by GunjanShouts,GunjanShouts
yq2y3FJNcZ0,Meet Mumma and Papa - My Fat Loss Journey Day 24 #2023fatlosschallenge by GunjanShouts,GunjanShouts
buZbcYd3uDM,Home made FACE MASK for Glowing Skin #2023fatlosschallenge by GunjanShouts,GunjanShouts
re47-1ju9PU,How to make HOT CHOCOLATE for Fat Loss? #2023fatlosschallenge by GunjanShouts,GunjanShouts
tEIAdyA-uGQ,Got my periods during Fat loss journey #2023fatlosschallenge by GunjanShouts,GunjanShouts
WztCZYRxnho,New Fat Loss Diet Plan - Day 20 #2023fatlosschallenge by GunjanShouts,GunjanShouts
rzjJvYGmydM,My WEIGHT after 2 weeks of FAT LOSS JOURNEY #2023fatlosschallenge by GunjanShouts,GunjanShouts
SrhZIcp66Lw,My 3 DETOX TIPS for FAT LOSS #2023fatlosschallenge by GunjanShouts,GunjanShouts
SRdbnVTdVQc,2 LIFE Changing FITNESS TIPS from my PARENTS | #2023fatlosschallenge by GunjanShouts,GunjanShouts
eiAMSxkPHIQ,What I eat in a day? #2023FatLossChallenge by GunjanShouts,GunjanShouts
rdYL1gSy9Fc,What we ate in the market for Fat Loss #2023FatLossChallenge By GunjanShouts,GunjanShouts
mqmU5zFOzcQ,My Fat Loss Diet Plan - Day 11 #2023fatlosschallenge By GunjanShouts,GunjanShouts
Awwv8URfju4,What I eat in a day for Fat Loss - Day 10 #2023FatLossChallenge By GunjanShouts,GunjanShouts
NRyGq3qdqYI,MY FAT LOSS DIET DAY 9 #2023FatLossChallenge by GunjanShouts,GunjanShouts
yHkCgNLBHFk,My Fat Loss Journey- Results after 7 days #2023FatLossChallenge,GunjanShouts
I8rIAsTeCco,Full day Diet Plan for FAT LOSS - Day 4 #2023FatLossChallenge by GunjanShouts,GunjanShouts
RtZBV8Gncxs,FULL DAY OF EATING FOR FAT LOSS | #2023FatLossChallenge by GunjanShouts,GunjanShouts
WcqENLxkdg8,My Fat Loss Diet - Day 2 | Ghar ka khana #2023FatLossChallenge By GunjanShouts,GunjanShouts
6Aa4KPPrvg4,What I eat in a day | Day 1 of Weight Loss Diet Plan #2023FatLossChallenge by GunjanShouts,GunjanShouts
_6xge3lYLRQ,How I started My Fat Loss Journey #2023FatLossChallenge by GunjanShouts,GunjanShouts
iAN_14QK4J4,3 Dessert Recipes using PROTEIN POWDER | Desserts for Weight Loss journey | By GunjanShouts,GunjanShouts
mzOeDtiSTew,How to lose 5 kg in 1 month without Dieting | By GunjanShouts,GunjanShouts
yfHMa0pNh0M,5 High Protein BREAKFAST RECIPES (QUICK AND HEALTHY RECIPES for WEIGHT LOSS) | By GunjanShouts,GunjanShouts
1X72fnENXlw,WATCH THIS If you don’t drink enough water | By GunjanShouts,GunjanShouts
Thwu4RFHCbY,7 WAYS TO IMPROVE EYESIGHT NATURALLY (100% Guaranteed) | By GunjanShouts,GunjanShouts
